,Time,Noisy_Trended_Signal
0,0.0,-0.21227718082659675
1,0.01001001001001001,0.24959555407534617
2,0.02002002002002002,0.5075173890267821
3,0.03003003003003003,0.8361124790128422
4,0.04004004004004004,1.0885532999661536
5,0.050050050050050046,1.1847657254373902
6,0.06006006006006006,1.3898893684891043
7,0.07007007007007007,1.3286026326732439
8,0.08008008008008008,1.4133060763702232
9,0.09009009009009009,1.3777566883812469
10,0.10010010010010009,1.174137688132409
11,0.11011011011011011,1.3132698273628916
12,0.12012012012012012,1.168826836320733
13,0.13013013013013014,1.0451815265849644
14,0.14014014014014015,1.0832833270058986
15,0.15015015015015015,0.852019194862663
16,0.16016016016016016,0.7096366487228511
17,0.17017017017017017,0.740782796841719
18,0.18018018018018017,0.8148019111937285
19,0.19019019019019018,0.5986640238439133
20,0.20020020020020018,0.5845050891242881
21,0.21021021021021022,0.4657374308478825
22,0.22022022022022023,0.658945704869198
23,0.23023023023023023,0.6538949032544252
24,0.24024024024024024,0.6930364121522968
25,0.2502502502502503,0.6440653334164815
26,0.2602602602602603,0.5354048061653596
27,0.2702702702702703,0.2115679968569177
28,0.2802802802802803,0.2015590645731419
29,0.2902902902902903,0.10912395861999356
30,0.3003003003003003,0.07713369512016016
31,0.3103103103103103,0.17135176289711593
32,0.3203203203203203,-0.052327208438346956
33,0.3303303303303303,-0.088526548372489
34,0.34034034034034033,-0.3407132548648393
35,0.35035035035035034,-0.20477852029503618
36,0.36036036036036034,-0.336536941965043
37,0.37037037037037035,-0.12524658432767977
38,0.38038038038038036,-0.2666988108135656
39,0.39039039039039036,-0.08928729024411514
40,0.40040040040040037,0.026349134716250486
41,0.41041041041041043,0.00166545583550725
42,0.42042042042042044,-0.04308303194361867
43,0.43043043043043044,-0.22339388588830447
44,0.44044044044044045,-0.056509897698793526
45,0.45045045045045046,-0.1835760450056498
46,0.46046046046046046,-0.2396084235132836
47,0.47047047047047047,-0.4987684873647486
48,0.4804804804804805,-0.577183689680227
49,0.4904904904904905,-0.534635923779598
50,0.5005005005005005,-0.9159462882756326
51,0.5105105105105106,-1.2147085689086097
52,0.5205205205205206,-1.3279663761166236
53,0.5305305305305306,-1.4953097977838734
54,0.5405405405405406,-1.6140796208361272
55,0.5505505505505506,-1.4590411363398628
56,0.5605605605605606,-1.3551446067043131
57,0.5705705705705706,-1.4496843238312733
58,0.5805805805805806,-1.3749416783142496
59,0.5905905905905906,-0.9968409938130792
60,0.6006006006006006,-0.8674405191674851
61,0.6106106106106106,-0.8260452323318673
62,0.6206206206206206,-0.5755666826734874
63,0.6306306306306306,-0.39058780336995635
64,0.6406406406406406,-0.25391852699369644
65,0.6506506506506506,0.040674129297179853
66,0.6606606606606606,0.2593922399948938
67,0.6706706706706707,0.4970580624370146
68,0.6806806806806807,0.5285047396934438
69,0.6906906906906907,0.35624558550337215
70,0.7007007007007007,0.7288820921497535
71,0.7107107107107107,0.659834345242657
72,0.7207207207207207,0.9703299343357864
73,0.7307307307307307,0.9959209856151164
74,0.7407407407407407,0.9599564888327583
75,0.7507507507507507,1.2273393098771959
76,0.7607607607607607,0.8460168484447408
77,0.7707707707707707,1.2979482277332846
78,0.7807807807807807,1.2533051586870634
79,0.7907907907907907,1.4896965643030335
80,0.8008008008008007,1.167919381724535
81,0.8108108108108109,1.2970407839301954
82,0.8208208208208209,1.3100546436198333
83,0.8308308308308309,1.3436437557006091
84,0.8408408408408409,1.260115064701749
85,0.8508508508508509,1.1477943834901125
86,0.8608608608608609,1.1365213148650501
87,0.8708708708708709,0.9986937462734458
88,0.8808808808808809,1.1093326273229736
89,0.8908908908908909,0.6507121576717435
90,0.9009009009009009,0.559588580554584
91,0.9109109109109109,0.010839988982770943
92,0.9209209209209209,0.27653508821688133
93,0.9309309309309309,-0.05727414080191892
94,0.9409409409409409,-0.16004330847465614
95,0.950950950950951,-0.16536426191235382
96,0.960960960960961,-0.30693801242093327
97,0.970970970970971,-0.2600518760773106
98,0.980980980980981,0.033314335497518
99,0.990990990990991,0.05749354294327856
100,1.001001001001001,0.26966646626222357
101,1.011011011011011,0.05752893496860133
102,1.021021021021021,0.38449556787788347
103,1.031031031031031,0.4659450260215031
104,1.0410410410410411,0.40983969390144404
105,1.0510510510510511,0.2738860646640217
106,1.0610610610610611,0.3833899274057328
107,1.0710710710710711,0.16081708537498524
108,1.0810810810810811,0.15535964479620096
109,1.0910910910910911,-0.08014844847013453
110,1.1011011011011012,-0.08698494072230367
111,1.1111111111111112,-0.353680528400461
112,1.1211211211211212,-0.6534780078303134
113,1.1311311311311312,-0.9405905187791326
114,1.1411411411411412,-1.0010384069206333
115,1.1511511511511512,-1.0805863651238934
116,1.1611611611611612,-1.2098999752540796
117,1.1711711711711712,-1.2462116679833308
118,1.1811811811811812,-1.236647798027789
119,1.1911911911911912,-1.1513788170862078
120,1.2012012012012012,-1.124605597034237
121,1.2112112112112112,-0.995274733109818
122,1.2212212212212212,-1.0263645466513984
123,1.2312312312312312,-1.0985434493365027
124,1.2412412412412412,-0.8858211512974129
125,1.2512512512512513,-0.7846666958309059
126,1.2612612612612613,-0.8315136426225561
127,1.2712712712712713,-0.6733317349295048
128,1.2812812812812813,-0.5483851901409086
129,1.2912912912912913,-0.5430289485922972
130,1.3013013013013013,-0.46446634007344584
131,1.3113113113113113,-0.3476322079952463
132,1.3213213213213213,-0.4373417125459702
133,1.3313313313313313,-0.13704755684862802
134,1.3413413413413413,0.005052776219602789
135,1.3513513513513513,0.14709337565826916
136,1.3613613613613613,0.39579729273412534
137,1.3713713713713713,0.5768905793746383
138,1.3813813813813813,0.9621772012760331
139,1.3913913913913913,0.9004459704302674
140,1.4014014014014013,1.0672892791383
141,1.4114114114114114,1.2977408599400406
142,1.4214214214214214,1.5378010075281179
143,1.4314314314314314,1.7254657102563808
144,1.4414414414414414,1.7871670177329784
145,1.4514514514514514,1.807652615929424
146,1.4614614614614614,1.697093257987868
147,1.4714714714714714,1.7061393457927114
148,1.4814814814814814,1.468079021508431
149,1.4914914914914914,1.3338291152936443
150,1.5015015015015014,1.1288657883450675
151,1.5115115115115114,1.0337937824742995
152,1.5215215215215214,0.6468590034651487
153,1.5315315315315314,0.5221641460610966
154,1.5415415415415414,0.5283577553581327
155,1.5515515515515514,0.30005264731119824
156,1.5615615615615615,0.28076984690974127
157,1.5715715715715715,0.37972185537661585
158,1.5815815815815815,0.29623432920759607
159,1.5915915915915915,0.11989069477512597
160,1.6016016016016015,0.32595321248878145
161,1.6116116116116117,0.35029233414758587
162,1.6216216216216217,0.3357383293038749
163,1.6316316316316317,0.44115813842475915
164,1.6416416416416417,0.543467138640066
165,1.6516516516516517,0.6632692900694103
166,1.6616616616616617,0.363530579627989
167,1.6716716716716717,0.2473340289958964
168,1.6816816816816818,0.2527871200476895
169,1.6916916916916918,0.1391124489999972
170,1.7017017017017018,0.10813555798644946
171,1.7117117117117118,0.12106123749988965
172,1.7217217217217218,0.03259856146626819
173,1.7317317317317318,-0.14516281737327427
174,1.7417417417417418,-0.1856899887447902
175,1.7517517517517518,-0.3089293225222527
176,1.7617617617617618,-0.5114327601296986
177,1.7717717717717718,-0.49195459699615784
178,1.7817817817817818,-0.41187353869649646
179,1.7917917917917918,-0.4556840398940258
180,1.8018018018018018,-0.5667176161278681
181,1.8118118118118118,-0.41954527842026257
182,1.8218218218218218,-0.5788499025928794
183,1.8318318318318318,-0.43573979676063934
184,1.8418418418418419,-0.6565649833951528
185,1.8518518518518519,-0.7406573775310257
186,1.8618618618618619,-0.602870062576113
187,1.8718718718718719,-0.9114854839871737
188,1.8818818818818819,-0.8140537781974404
189,1.8918918918918919,-0.8334252664095538
190,1.901901901901902,-1.151054871850702
191,1.911911911911912,-1.087633402317377
192,1.921921921921922,-1.1952629619473063
193,1.931931931931932,-1.1340639686973077
194,1.941941941941942,-1.0384742652073713
195,1.951951951951952,-0.9885737473180144
196,1.961961961961962,-0.7340886593708958
197,1.971971971971972,-0.6027075433180826
198,1.981981981981982,-0.36811455049349107
199,1.991991991991992,0.01922162549238865
200,2.002002002002002,0.26684408424553563
201,2.012012012012012,0.7746981467750573
202,2.022022022022022,0.9577822996749314
203,2.032032032032032,1.2291927371983746
204,2.042042042042042,1.306606353982158
205,2.052052052052052,1.5144149296388743
206,2.062062062062062,1.47885325941583
207,2.0720720720720722,1.3554673570527562
208,2.0820820820820822,1.672424836464075
209,2.0920920920920922,1.6316701325539844
210,2.1021021021021022,1.6631127024096277
211,2.1121121121121122,1.4051115266686514
212,2.1221221221221223,1.2848737239209724
213,2.1321321321321323,1.236518265675535
214,2.1421421421421423,0.903584261216707
215,2.1521521521521523,1.0341671981895435
216,2.1621621621621623,1.0629658184267683
217,2.1721721721721723,0.9023599847060464
218,2.1821821821821823,1.0578117834671108
219,2.1921921921921923,0.7790773795873766
220,2.2022022022022023,0.917977338354959
221,2.2122122122122123,0.8819501351493951
222,2.2222222222222223,0.7767101496722215
223,2.2322322322322323,0.835306412129091
224,2.2422422422422423,0.8453520350940543
225,2.2522522522522523,0.8720928665503377
226,2.2622622622622623,0.49144282375788656
227,2.2722722722722724,0.545368450805671
228,2.2822822822822824,0.5432691885917412
229,2.2922922922922924,0.3109267698112829
230,2.3023023023023024,0.2594172959036621
231,2.3123123123123124,0.20928092157001588
232,2.3223223223223224,0.14367343666963506
233,2.3323323323323324,-0.01383439177302101
234,2.3423423423423424,-0.18592866374603204
235,2.3523523523523524,0.04989100174399663
236,2.3623623623623624,-0.1394400377472279
237,2.3723723723723724,-0.07622661672339234
238,2.3823823823823824,0.11197385482708
239,2.3923923923923924,0.019240415567062047
240,2.4024024024024024,0.14947982885720024
241,2.4124124124124124,0.10024416942526937
242,2.4224224224224224,0.11506177220290653
243,2.4324324324324325,0.10828917467818877
244,2.4424424424424425,0.09911661923200657
245,2.4524524524524525,0.01843304395147949
246,2.4624624624624625,0.00971885773046266
247,2.4724724724724725,-0.28051553856112466
248,2.4824824824824825,-0.44598999218117247
249,2.4924924924924925,-0.6316373256937561
250,2.5025025025025025,-0.7759783647783564
251,2.5125125125125125,-1.1162889185541436
252,2.5225225225225225,-1.12939619093639
253,2.5325325325325325,-1.343376442909425
254,2.5425425425425425,-1.343365856236976
255,2.5525525525525525,-1.4077077921670744
256,2.5625625625625625,-1.3391240096907113
257,2.5725725725725725,-1.2972733470314506
258,2.5825825825825826,-1.0667079330480709
259,2.5925925925925926,-0.7248574895278959
260,2.6026026026026026,-0.6411249980242203
261,2.6126126126126126,-0.474175391039775
262,2.6226226226226226,-0.36795784268128334
263,2.6326326326326326,-0.13509281361248848
264,2.6426426426426426,0.0919237766118306
265,2.6526526526526526,0.3738145541374671
266,2.6626626626626626,0.2685377043158984
267,2.6726726726726726,0.8554775230237712
268,2.6826826826826826,0.8290519652720629
269,2.6926926926926926,0.8998790662211489
270,2.7027027027027026,1.0978061332782891
271,2.7127127127127126,0.9254075279605308
272,2.7227227227227226,0.9436170270131681
273,2.7327327327327327,0.9335632426368852
274,2.7427427427427427,1.1527707082374317
275,2.7527527527527527,1.1424058915213675
276,2.7627627627627627,1.3068521560571023
277,2.7727727727727727,1.4900927781208522
278,2.7827827827827827,1.4324613281188119
279,2.7927927927927927,1.5822127301990048
280,2.8028028028028027,1.5135842598445435
281,2.8128128128128127,1.8068057653275753
282,2.8228228228228227,1.4712844682231203
283,2.8328328328328327,1.400575283157581
284,2.8428428428428427,1.5369480870594479
285,2.8528528528528527,1.26467924744846
286,2.8628628628628627,1.3192660329385284
287,2.8728728728728727,1.091550141901134
288,2.8828828828828827,1.0427004521342045
289,2.8928928928928928,0.7820831012154237
290,2.9029029029029028,0.5412450503537443
291,2.9129129129129128,0.2817186163544867
292,2.9229229229229228,0.3122599086652287
293,2.932932932932933,0.11850897201035707
294,2.942942942942943,0.08795287080942532
295,2.952952952952953,0.019496801926654983
296,2.962962962962963,-0.12387570831259503
297,2.972972972972973,0.097818413123572
298,2.982982982982983,0.07332097634587181
299,2.992992992992993,0.3740728439420323
300,3.003003003003003,0.45213344862991545
301,3.013013013013013,0.45438312475781395
302,3.023023023023023,0.42965603401190594
303,3.033033033033033,0.6521794055747985
304,3.043043043043043,0.5804270988162186
305,3.053053053053053,0.582593836029452
306,3.063063063063063,0.3693185532136035
307,3.073073073073073,0.4360554199638046
308,3.083083083083083,0.18489875738360012
309,3.093093093093093,0.1550767741480925
310,3.103103103103103,-0.1365978079663257
311,3.113113113113113,-0.35470017043670266
312,3.123123123123123,-0.46820478855808284
313,3.133133133133133,-0.6147379386998422
314,3.143143143143143,-0.860673428917909
315,3.153153153153153,-0.7301759684001813
316,3.163163163163163,-0.9660675219262411
317,3.173173173173173,-1.1016308549388993
318,3.183183183183183,-0.9220949229861672
319,3.193193193193193,-0.9099528446073744
320,3.203203203203203,-0.9243940203218436
321,3.2132132132132134,-0.9341338125993364
322,3.2232232232232234,-0.6672585728022334
323,3.2332332332332334,-0.7844963178871199
324,3.2432432432432434,-0.7671743177340626
325,3.2532532532532534,-0.4563754773601059
326,3.2632632632632634,-0.48420808889854355
327,3.2732732732732734,-0.4956090799971413
328,3.2832832832832834,-0.3858915896509544
329,3.2932932932932935,-0.44533143495603555
330,3.3033033033033035,-0.10882801395942221
331,3.3133133133133135,-0.15189091150686068
332,3.3233233233233235,-0.1236184266334745
333,3.3333333333333335,0.21157031291533127
334,3.3433433433433435,0.18196037706200202
335,3.3533533533533535,0.40645101784943033
336,3.3633633633633635,0.5065112952396769
337,3.3733733733733735,0.8484323190690835
338,3.3833833833833835,1.1388715447684117
339,3.3933933933933935,1.3218436646140694
340,3.4034034034034035,1.4859397145907551
341,3.4134134134134135,1.5693159880462293
342,3.4234234234234235,1.7166069676833988
343,3.4334334334334335,1.8326827144151574
344,3.4434434434434436,1.975071157225443
345,3.4534534534534536,1.9668928222872488
346,3.4634634634634636,2.022862778944028
347,3.4734734734734736,1.8095879170200737
348,3.4834834834834836,1.5395185039623351
349,3.4934934934934936,1.4062685375431543
350,3.5035035035035036,1.2135962113270127
351,3.5135135135135136,1.171688153923931
352,3.5235235235235236,0.8183358105148483
353,3.5335335335335336,0.66344066250641
354,3.5435435435435436,0.5446168977990278
355,3.5535535535535536,0.3485088745596203
356,3.5635635635635636,0.4870501545988992
357,3.5735735735735736,0.3012821715369009
358,3.5835835835835836,0.5558527892980467
359,3.5935935935935936,0.48801614642221974
360,3.6036036036036037,0.5472377840814854
361,3.6136136136136137,0.5119841319582613
362,3.6236236236236237,0.5235348653633837
363,3.6336336336336337,0.570429109782215
364,3.6436436436436437,0.7636597029718746
365,3.6536536536536537,0.6021013501386984
366,3.6636636636636637,0.6045213459719239
367,3.6736736736736737,0.5611516992890132
368,3.6836836836836837,0.5480982171548634
369,3.6936936936936937,0.11951554161414271
370,3.7037037037037037,0.3862625631089507
371,3.7137137137137137,0.27711393168219456
372,3.7237237237237237,-0.0042699541080420955
373,3.7337337337337337,-0.06817973658087662
374,3.7437437437437437,0.028045066515980044
375,3.7537537537537538,-0.09398693074614645
376,3.7637637637637638,-0.2930344768351893
377,3.7737737737737738,-0.18833638822447107
378,3.7837837837837838,-0.26602750818008825
379,3.793793793793794,-0.21089884770176592
380,3.803803803803804,-0.1615709340836476
381,3.813813813813814,-0.3524946560280275
382,3.823823823823824,-0.4324181582708645
383,3.833833833833834,-0.3849755838484863
384,3.843843843843844,-0.27730885411814754
385,3.853853853853854,-0.488059644418157
386,3.863863863863864,-0.661861747070766
387,3.873873873873874,-0.7052007550508392
388,3.883883883883884,-0.6111513489864234
389,3.893893893893894,-0.8603416720661203
390,3.903903903903904,-0.8257226093352072
391,3.913913913913914,-0.9560249177637228
392,3.923923923923924,-0.9963856349439382
393,3.933933933933934,-0.8612727217576802
394,3.943943943943944,-0.694512886211027
395,3.953953953953954,-0.7015839337346916
396,3.963963963963964,-0.4319378775698252
397,3.973973973973974,-0.4907718687086632
398,3.983983983983984,-0.0782944310094425
399,3.993993993993994,0.4498650533843818
400,4.004004004004004,0.5293118325362243
401,4.014014014014014,0.6128268528336547
402,4.024024024024024,1.122416899771928
403,4.034034034034034,1.3543727152236877
404,4.044044044044044,1.456061468870245
405,4.054054054054054,1.5831765527874986
406,4.064064064064064,1.9099954692508052
407,4.074074074074074,1.8482933936409338
408,4.084084084084084,1.7140395621112805
409,4.094094094094094,1.583378226001697
410,4.104104104104104,1.6522151571152939
411,4.114114114114114,1.5576959361723404
412,4.124124124124124,1.3497607452018092
413,4.134134134134134,1.2367975596433831
414,4.1441441441441444,1.296045036945657
415,4.1541541541541545,1.1741664459068744
416,4.1641641641641645,1.1820229369841746
417,4.1741741741741745,1.0505462071487837
418,4.1841841841841845,1.0557627082974599
419,4.1941941941941945,1.2109957531722668
420,4.2042042042042045,1.1882890123322145
421,4.2142142142142145,1.118007628932667
422,4.2242242242242245,0.9826818931981832
423,4.2342342342342345,0.9933525520380704
424,4.2442442442442445,1.0745361913760179
425,4.2542542542542545,0.9350744819200026
426,4.2642642642642645,0.69311995257531
427,4.2742742742742745,0.7592241876049333
428,4.2842842842842845,0.7037235253294779
429,4.2942942942942945,0.5585912137484724
430,4.3043043043043046,0.37300631844692356
431,4.314314314314315,0.40863764554453386
432,4.324324324324325,0.26939674476335684
433,4.334334334334335,0.26737544972189065
434,4.344344344344345,0.08221584255508363
435,4.354354354354355,0.2560228679310492
436,4.364364364364365,0.3060159971014611
437,4.374374374374375,0.04869279105477914
438,4.384384384384385,0.23285999055003342
439,4.394394394394395,0.3558089497542236
440,4.404404404404405,0.4359306449742746
441,4.414414414414415,0.46719643113781173
442,4.424424424424425,0.1810877536660106
443,4.434434434434435,0.6085740060110301
444,4.444444444444445,0.1792151289015706
445,4.454454454454455,0.15659938838838722
446,4.464464464464465,0.2327679498009132
447,4.474474474474475,-0.1257452667319543
448,4.484484484484485,-0.0992076961873613
449,4.494494494494495,-0.6670931923062211
450,4.504504504504505,-0.6180848024216785
451,4.514514514514515,-0.7115331090241056
452,4.524524524524525,-0.9724425102965584
453,4.534534534534535,-1.224636489795058
454,4.544544544544545,-1.2049861809305893
455,4.554554554554555,-0.8850579510064991
456,4.564564564564565,-1.1817384975570677
457,4.574574574574575,-1.0434539203008963
458,4.584584584584585,-0.8661547606482896
459,4.594594594594595,-0.6295948720180913
460,4.604604604604605,-0.6265389214501846
461,4.614614614614615,-0.456589512807807
462,4.624624624624625,-0.03652309484548316
463,4.634634634634635,0.1861709214625833
464,4.644644644644645,0.3709792797996789
465,4.654654654654655,0.5277777904666084
466,4.664664664664665,0.5874906847743343
467,4.674674674674675,0.7965996422153618
468,4.684684684684685,1.0604188779841466
469,4.694694694694695,1.1071662283974784
470,4.704704704704705,1.0983945756584992
471,4.714714714714715,1.3460695182407671
472,4.724724724724725,1.227225020907543
473,4.734734734734735,1.3051692134149768
474,4.744744744744745,1.272163337074583
475,4.754754754754755,1.4892238946631102
476,4.764764764764765,1.4867775969792771
477,4.774774774774775,1.7747373719577753
478,4.784784784784785,1.6690923790082404
479,4.794794794794795,1.6868867774708092
480,4.804804804804805,1.719189268336869
481,4.814814814814815,1.728914465548956
482,4.824824824824825,1.6233639231857102
483,4.834834834834835,1.7728200715064157
484,4.844844844844845,1.8185049916053633
485,4.854854854854855,1.5143258744427128
486,4.864864864864865,1.4336898463180412
487,4.874874874874875,1.2004956013944246
488,4.884884884884885,1.1091402035388653
489,4.894894894894895,1.0109228792498401
490,4.904904904904905,0.8148712814483454
491,4.914914914914915,0.6638497372431047
492,4.924924924924925,0.5775761727314555
493,4.934934934934935,0.2188770760400266
494,4.944944944944945,0.3417049831462281
495,4.954954954954955,0.15007230069706468
496,4.964964964964965,0.2896070185828983
497,4.974974974974975,0.08654853630579196
498,4.984984984984985,0.40518960687312994
499,4.994994994994995,0.48176738716411804
500,5.005005005005005,0.7284896272161798
501,5.015015015015015,0.6596486887230488
502,5.025025025025025,0.655538273271741
503,5.035035035035035,0.8034126505148165
504,5.045045045045045,0.6465478601988026
505,5.055055055055055,0.5894511944114562
506,5.065065065065065,0.5855944195105259
507,5.075075075075075,0.6404910655504441
508,5.085085085085085,0.6186499292652439
509,5.095095095095095,0.12588812301432062
510,5.105105105105105,-0.019324830158618855
511,5.115115115115115,-0.1747442872379098
512,5.125125125125125,-0.3126645150124404
513,5.135135135135135,-0.4592083537707936
514,5.145145145145145,-0.5892300554344393
515,5.155155155155155,-0.7868668167272608
516,5.165165165165165,-0.7965288625534185
517,5.175175175175175,-0.7032044876077033
518,5.185185185185185,-0.7979594262297175
519,5.195195195195195,-0.768991232599756
520,5.205205205205205,-0.6723944555282679
521,5.215215215215215,-0.5153299570654216
522,5.225225225225225,-0.5382455328346287
523,5.235235235235235,-0.48693224182040595
524,5.245245245245245,-0.3897801831422878
525,5.255255255255255,-0.4374914343714892
526,5.265265265265265,-0.2738678486801399
527,5.275275275275275,-0.13042755419448548
528,5.285285285285285,-0.17960978414059658
529,5.295295295295295,-0.2134530857649507
530,5.305305305305305,0.05578890383376078
531,5.315315315315315,0.0075576974535152
532,5.325325325325325,0.16999103029660856
533,5.335335335335335,0.2603286074039878
534,5.345345345345345,0.4856201599964164
535,5.355355355355355,0.5861136070795737
536,5.365365365365365,0.8137814497413656
537,5.375375375375375,0.9910531369503054
538,5.385385385385385,1.3505013977407416
539,5.395395395395395,1.4872530116378935
540,5.405405405405405,1.8099514115030395
541,5.415415415415415,1.7586997644995916
542,5.425425425425425,1.9756464380214036
543,5.435435435435435,2.196627714990074
544,5.445445445445445,2.1924070871894163
545,5.455455455455455,2.189863040702687
546,5.465465465465465,1.9946502274710123
547,5.475475475475475,2.137429924882836
548,5.485485485485485,1.8796657412387914
549,5.495495495495495,1.5778011020151586
550,5.505505505505505,1.3994565007350876
551,5.515515515515515,1.4084655641201826
552,5.525525525525525,0.9356474903770037
553,5.535535535535535,1.0726816599332258
554,5.545545545545545,0.7629325282859862
555,5.555555555555555,0.6618732300158142
556,5.565565565565565,0.5908859301316526
557,5.575575575575575,0.44322378683982805
558,5.585585585585585,0.49743820969665337
559,5.595595595595595,0.7459043617537086
560,5.605605605605605,0.6233300020565289
561,5.615615615615615,0.9720804111126614
562,5.625625625625625,0.8119615013583109
563,5.635635635635635,0.7833501591849502
564,5.645645645645645,0.9048926666641474
565,5.655655655655655,0.8574173773517586
566,5.665665665665665,0.7542703000095101
567,5.675675675675675,0.9261177343136365
568,5.685685685685685,0.6407159671134005
569,5.6956956956956954,0.6437290049811752
570,5.7057057057057055,0.6594089598828401
571,5.7157157157157155,0.36005142713103194
572,5.7257257257257255,0.28747929707249703
573,5.7357357357357355,0.1454762238789647
574,5.7457457457457455,0.2414735121773478
575,5.7557557557557555,0.07183288894658413
576,5.7657657657657655,0.10381133628082045
577,5.7757757757757755,-0.1112054864889146
578,5.7857857857857855,-0.0885597567952433
579,5.7957957957957955,-0.10670805164535513
580,5.8058058058058055,-0.06826506063151905
581,5.8158158158158155,0.04607593278659872
582,5.8258258258258255,-0.1583506782756653
583,5.8358358358358355,-0.3050241826355605
584,5.8458458458458455,-0.4199771540853038
585,5.8558558558558556,-0.15001125608991528
586,5.865865865865866,-0.45603418853495203
587,5.875875875875876,-0.5801132310493746
588,5.885885885885886,-0.6582830004268415
589,5.895895895895896,-0.7767856953453424
590,5.905905905905906,-0.6590825394001347
591,5.915915915915916,-0.8108343636345364
592,5.925925925925926,-0.6947626807103064
593,5.935935935935936,-0.7364669718583828
594,5.945945945945946,-0.6327942906566691
595,5.955955955955956,-0.39670412360717255
596,5.965965965965966,-0.4359102289684692
597,5.975975975975976,0.047309154682843246
598,5.985985985985986,0.2173333554224655
599,5.995995995995996,0.329112028630896
600,6.006006006006006,0.8073268638353055
601,6.016016016016016,1.0150054804107551
602,6.026026026026026,1.1382356766674515
603,6.036036036036036,1.6880052723870917
604,6.046046046046046,1.7814621346569308
605,6.056056056056056,1.963672285588049
606,6.066066066066066,1.8926439521254959
607,6.076076076076076,1.9898093970450457
608,6.086086086086086,1.8456478493316086
609,6.096096096096096,1.8783263938549526
610,6.106106106106106,1.925814381483719
611,6.116116116116116,1.8553083974599578
612,6.126126126126126,1.5184519588015373
613,6.136136136136136,1.6194344106532657
614,6.146146146146146,1.4809560507569657
615,6.156156156156156,1.2880407083023444
616,6.166166166166166,1.3206897016222565
617,6.176176176176176,1.0695326544090462
618,6.186186186186186,1.1937248211080131
619,6.196196196196196,1.4417041002900655
620,6.206206206206206,1.0468941505657954
621,6.216216216216216,1.2943403563863494
622,6.226226226226226,1.3209497221530122
623,6.236236236236236,1.1726136127360007
624,6.246246246246246,1.2936311289983868
625,6.256256256256256,0.916449924366774
626,6.266266266266266,0.8524949955957585
627,6.276276276276276,0.952971650580926
628,6.286286286286286,0.374842213212821
629,6.296296296296296,0.7836605370840061
630,6.306306306306306,0.5207746384061795
631,6.316316316316316,0.4321194481821875
632,6.326326326326326,0.48043908133363683
633,6.336336336336336,0.547404007847368
634,6.346346346346346,0.3576913756470261
635,6.356356356356356,0.2156285158548264
636,6.366366366366366,0.35964401090764964
637,6.376376376376376,0.4277407587607556
638,6.386386386386386,0.4030022818104255
639,6.396396396396396,0.5184725278773179
640,6.406406406406406,0.5642464905930482
641,6.416416416416417,0.6638232257710553
642,6.426426426426427,0.450141954520904
643,6.436436436436437,0.5699357595360164
644,6.446446446446447,0.5576754192403116
645,6.456456456456457,0.4588560968830564
646,6.466466466466467,0.11891678485342161
647,6.476476476476477,0.12325916930497172
648,6.486486486486487,-0.03743701897699914
649,6.496496496496497,-0.4647963197360472
650,6.506506506506507,-0.5504860248888138
651,6.516516516516517,-0.5654507054395455
652,6.526526526526527,-0.7861398002744332
653,6.536536536536537,-0.7497046411103958
654,6.546546546546547,-0.7012067641076991
655,6.556556556556557,-1.0310791404644957
656,6.566566566566567,-0.8900609615517137
657,6.576576576576577,-0.7261148655135176
658,6.586586586586587,-0.8588012033906349
659,6.596596596596597,-0.4830882502382787
660,6.606606606606607,-0.05923193295972784
661,6.616616616616617,0.011078921655327867
662,6.626626626626627,0.08024781859205965
663,6.636636636636637,0.3672044358102231
664,6.646646646646647,0.5120901092383077
665,6.656656656656657,0.7033809176498257
666,6.666666666666667,0.9927843526045577
667,6.676676676676677,0.9603778488873567
668,6.686686686686687,1.0821416538230513
669,6.696696696696697,1.1855327373398836
670,6.706706706706707,1.3936774152238787
671,6.716716716716717,1.454025345309608
672,6.726726726726727,1.5967998255977114
673,6.736736736736737,1.4594812556638423
674,6.746746746746747,1.531533721636071
675,6.756756756756757,1.699991892122347
676,6.766766766766767,1.7898235067223205
677,6.776776776776777,1.4851705285819903
678,6.786786786786787,1.7260024464310857
679,6.796796796796797,1.867943404029103
680,6.806806806806807,1.8659421674263514
681,6.816816816816817,2.0383938545681755
682,6.826826826826827,2.037244421185645
683,6.836836836836837,1.9166296346165648
684,6.846846846846847,1.7141856145062833
685,6.856856856856857,1.7446142905830566
686,6.866866866866867,1.3825698184270931
687,6.876876876876877,1.4532577484743467
688,6.886886886886887,1.2606553759599626
689,6.896896896896897,1.2112935862306875
690,6.906906906906907,0.9499407597112071
691,6.916916916916917,0.9042100307319999
692,6.926926926926927,0.5927054128630872
693,6.936936936936937,0.5861720763065178
694,6.946946946946947,0.65742486429404
695,6.956956956956957,0.453458835990194
696,6.966966966966967,0.4504749243096591
697,6.976976976976977,0.5501204619839737
698,6.986986986986987,0.6525460886843806
699,6.996996996996997,0.6937738822593029
700,7.007007007007007,0.8556984774308283
701,7.017017017017017,0.7889715586221385
702,7.027027027027027,0.9123265529204305
703,7.037037037037037,0.9373249534106725
704,7.047047047047047,0.9540506270327433
705,7.057057057057057,0.9349897324597886
706,7.067067067067067,0.730981071071904
707,7.077077077077077,0.6155801840995524
708,7.087087087087087,0.7083306394886844
709,7.097097097097097,0.3108831985707565
710,7.107107107107107,0.201035207996468
711,7.117117117117117,-0.008054692726384372
712,7.127127127127127,-0.07267947004089781
713,7.137137137137137,-0.29466957404499783
714,7.147147147147147,-0.31708246725875266
715,7.157157157157157,-0.4597738801222532
716,7.167167167167167,-0.6477677477661516
717,7.177177177177177,-0.49561054413800554
718,7.187187187187187,-0.7328582659311009
719,7.197197197197197,-0.6403333994166731
720,7.207207207207207,-0.558850237693789
721,7.217217217217217,-0.29803348240979766
722,7.227227227227227,-0.5913654583926177
723,7.237237237237237,-0.26886429654629374
724,7.247247247247247,-0.3340299132497715
725,7.257257257257257,-0.18433261009914004
726,7.267267267267267,-0.13764494263582316
727,7.277277277277277,-0.15234450397049615
728,7.287287287287287,-0.04857421450302124
729,7.297297297297297,0.11077678798454005
730,7.307307307307307,0.21189100979431996
731,7.317317317317317,0.229167777977339
732,7.327327327327327,0.6032537659949954
733,7.337337337337337,0.6173625689662667
734,7.347347347347347,0.6115834989054408
735,7.357357357357357,0.7609502161884052
736,7.367367367367367,1.054045663567097
737,7.377377377377377,1.3664353737912378
738,7.387387387387387,1.4699113748898647
739,7.397397397397397,1.7202525266067146
740,7.407407407407407,1.9212608591433962
741,7.4174174174174174,1.8720195825753245
742,7.4274274274274275,2.2071366362373994
743,7.4374374374374375,2.220726986323995
744,7.4474474474474475,2.4343629360408494
745,7.4574574574574575,2.3074018267656564
746,7.4674674674674675,2.205229701490275
747,7.4774774774774775,2.046597816179738
748,7.4874874874874875,2.126881138214995
749,7.4974974974974975,1.8165090479714592
750,7.5075075075075075,1.508846958181337
751,7.5175175175175175,1.5474707437431956
752,7.5275275275275275,1.3690631876222001
753,7.5375375375375375,0.999577804700082
754,7.5475475475475475,0.9855542102517574
755,7.5575575575575575,0.9264775375336253
756,7.5675675675675675,0.7938124233023935
757,7.5775775775775776,0.6957090317717155
758,7.587587587587588,0.9344772884996946
759,7.597597597597598,0.9331598288207696
760,7.607607607607608,0.8052238294634946
761,7.617617617617618,0.968683627755113
762,7.627627627627628,1.0176447760990417
763,7.637637637637638,1.1270567420616424
764,7.647647647647648,1.084241914171225
765,7.657657657657658,0.992913432544728
766,7.667667667667668,0.9676348552394434
767,7.677677677677678,0.843109779203431
768,7.687687687687688,0.9730335002316358
769,7.697697697697698,0.8069249204066749
770,7.707707707707708,0.49063727519841727
771,7.717717717717718,0.5030168348760709
772,7.727727727727728,0.3977094570109511
773,7.737737737737738,0.5029480020992422
774,7.747747747747748,0.31246423557195696
775,7.757757757757758,0.15175540467123616
776,7.767767767767768,0.116556288382763
777,7.777777777777778,0.24262066945753713
778,7.787787787787788,0.19754447486549676
779,7.797797797797798,0.015549383281305174
780,7.807807807807808,0.05273348226004182
781,7.817817817817818,0.13009317123222774
782,7.827827827827828,0.16487275522782552
783,7.837837837837838,0.030835001554697428
784,7.847847847847848,-0.07377250668992397
785,7.857857857857858,-0.3343354155730124
786,7.867867867867868,-0.14640615068853824
787,7.877877877877878,-0.25807650644848834
788,7.887887887887888,-0.26667815280189155
789,7.897897897897898,-0.5514439252623005
790,7.907907907907908,-0.5092933071193387
791,7.917917917917918,-0.5906345044318908
792,7.927927927927928,-0.30801342975447976
793,7.937937937937938,-0.5084357333013954
794,7.947947947947948,-0.6015132968921393
795,7.957957957957958,-0.44010583843298046
796,7.967967967967968,0.035944672167941616
797,7.977977977977978,0.008032824647735914
798,7.987987987987988,0.4564663504657836
799,7.997997997997998,0.831086654110182
800,8.008008008008009,0.90954899378319
801,8.018018018018019,1.3208099825965334
802,8.028028028028029,1.621972708677046
803,8.038038038038039,1.5973314143042656
804,8.048048048048049,1.9102181555651139
805,8.058058058058059,2.1128663490922657
806,8.068068068068069,2.255946521772666
807,8.078078078078079,2.311804943148877
808,8.088088088088089,2.171885159735223
809,8.098098098098099,2.1397045610330596
810,8.108108108108109,2.0937269976083392
811,8.118118118118119,1.8017671825582067
812,8.128128128128129,1.913809653241463
813,8.138138138138139,1.6924789365576256
814,8.148148148148149,1.5920558748255003
815,8.158158158158159,1.586993517542938
816,8.168168168168169,1.5409705365508644
817,8.178178178178179,1.6086960197886646
818,8.188188188188189,1.4285001109725322
819,8.198198198198199,1.4041505097064877
820,8.208208208208209,1.3661174457691863
821,8.218218218218219,1.4084318568371441
822,8.228228228228229,1.1554405195890047
823,8.238238238238239,1.2403637067643423
824,8.248248248248249,1.1954917353173402
825,8.258258258258259,1.2981182260170896
826,8.268268268268269,1.1130613217340748
827,8.278278278278279,1.1822947798210082
828,8.288288288288289,1.1368854255191785
829,8.298298298298299,0.8620120755137918
830,8.308308308308309,0.7304902468387
831,8.318318318318319,0.6244263739623336
832,8.328328328328329,0.7156633398091374
833,8.338338338338339,0.6322723754573512
834,8.348348348348349,0.5369497776237305
835,8.358358358358359,0.3098254112788812
836,8.368368368368369,0.7101525098220867
837,8.378378378378379,0.6979716536921032
838,8.388388388388389,0.6358760532804038
839,8.398398398398399,0.6120942321507632
840,8.408408408408409,0.6917777571334331
841,8.418418418418419,0.6770973042070956
842,8.428428428428429,0.8524618172306362
843,8.438438438438439,0.8281485971497233
844,8.448448448448449,0.6578994384656478
845,8.458458458458459,0.6101327135855417
846,8.468468468468469,0.4073675642506692
847,8.478478478478479,0.3177024333898666
848,8.488488488488489,0.17397645859639355
849,8.498498498498499,-0.19701221396550994
850,8.508508508508509,-0.3829702944558109
851,8.518518518518519,-0.4236598224128175
852,8.528528528528529,-0.5750018057643547
853,8.538538538538539,-0.7793984686572254
854,8.548548548548549,-0.84115386357414
855,8.558558558558559,-0.735163990662191
856,8.568568568568569,-0.7651298790364817
857,8.578578578578579,-0.44037086689125204
858,8.588588588588589,-0.3928310543840706
859,8.598598598598599,-0.3689632990659488
860,8.608608608608609,-0.1696392790716592
861,8.618618618618619,0.11766087421704807
862,8.62862862862863,0.4791019878275182
863,8.63863863863864,0.6455282471818657
864,8.64864864864865,0.9258771522915314
865,8.65865865865866,1.088512361066468
866,8.66866866866867,1.2752481499052215
867,8.67867867867868,1.1590129014071109
868,8.68868868868869,1.3520590076774988
869,8.6986986986987,1.389243847114121
870,8.70870870870871,1.6424569757049396
871,8.71871871871872,1.8395256250056176
872,8.72872872872873,1.542923988616646
873,8.73873873873874,1.751842662403134
874,8.74874874874875,1.5683482304155794
875,8.75875875875876,1.6639145948969882
876,8.76876876876877,2.0724482618120343
877,8.77877877877878,1.9286758938183375
878,8.78878878878879,2.1039333378706315
879,8.7987987987988,2.1866203276583835
880,8.80880880880881,2.237544619830743
881,8.81881881881882,2.1616797540500676
882,8.82882882882883,2.162136149504121
883,8.83883883883884,2.13930858764357
884,8.84884884884885,2.00530885102841
885,8.85885885885886,1.7729338486123924
886,8.86886886886887,1.8354124952086677
887,8.87887887887888,1.721075297565626
888,8.88888888888889,1.3935489839700836
889,8.8988988988989,1.1705566906050033
890,8.90890890890891,1.1477975597028538
891,8.91891891891892,0.979260541856428
892,8.92892892892893,0.8882800832762037
893,8.93893893893894,0.5997912035712774
894,8.94894894894895,0.5555166139661021
895,8.95895895895896,0.5861887624186388
896,8.96896896896897,0.7361484510713958
897,8.97897897897898,0.6460499059464737
898,8.98898898898899,0.7932399880410579
899,8.998998998999,0.8993187523761759
900,9.00900900900901,0.9620599368030469
901,9.01901901901902,1.043643382534352
902,9.02902902902903,1.0689949539024777
903,9.03903903903904,1.138381698969448
904,9.04904904904905,1.0712517499865495
905,9.05905905905906,1.0235580062136689
906,9.06906906906907,0.9571019587192265
907,9.07907907907908,0.855812023625956
908,9.08908908908909,0.7711007504382283
909,9.0990990990991,0.569458998561839
910,9.10910910910911,0.37336499340722606
911,9.11911911911912,0.1349726050938812
912,9.12912912912913,-0.03588719642443339
913,9.13913913913914,-0.2069385969494585
914,9.14914914914915,-0.15899797074979416
915,9.15915915915916,-0.18394506366593433
916,9.16916916916917,-0.31590746783389434
917,9.17917917917918,-0.4012221799281912
918,9.18918918918919,-0.5252222547233564
919,9.1991991991992,-0.2568336179270867
920,9.20920920920921,-0.2987381091959562
921,9.21921921921922,-0.3952396076542172
922,9.22922922922923,-0.1747065863783972
923,9.23923923923924,-0.06514553464842421
924,9.24924924924925,-0.017215773231376463
925,9.25925925925926,0.23820748789197543
926,9.26926926926927,0.27460288505918007
927,9.27927927927928,0.18404708596468122
928,9.28928928928929,0.30256477765531886
929,9.2992992992993,0.29515224505946047
930,9.30930930930931,0.4454659449666264
931,9.31931931931932,0.6604845201683639
932,9.32932932932933,0.5545672181247958
933,9.33933933933934,0.7976594745095519
934,9.34934934934935,1.1486237976751934
935,9.35935935935936,1.1795351693222131
936,9.36936936936937,1.1874892903485224
937,9.37937937937938,1.5422931914364997
938,9.38938938938939,1.864318358089677
939,9.3993993993994,1.9313089301787216
940,9.40940940940941,2.2679409023376844
941,9.41941941941942,2.3903226564311866
942,9.42942942942943,2.638774111878915
943,9.43943943943944,2.453858716674615
944,9.44944944944945,2.717700685486061
945,9.45945945945946,2.514325226341784
946,9.46946946946947,2.3997438407685663
947,9.47947947947948,2.2695085183600385
948,9.48948948948949,2.1036051367980493
949,9.4994994994995,1.8945114473614995
950,9.50950950950951,1.5804404070680445
951,9.51951951951952,1.5122912432750213
952,9.52952952952953,1.4756883026937442
953,9.53953953953954,1.388166344130453
954,9.54954954954955,1.1321244758710738
955,9.55955955955956,1.1266641277203633
956,9.56956956956957,1.0936659396677626
957,9.57957957957958,1.155073178252055
958,9.58958958958959,1.0680080403744878
959,9.5995995995996,1.2119011203469803
960,9.60960960960961,1.0965214286724214
961,9.61961961961962,1.1359921565740514
962,9.62962962962963,1.2557143831435487
963,9.63963963963964,1.2407255758831317
964,9.64964964964965,1.2860802980082249
965,9.65965965965966,1.3915194853567225
966,9.66966966966967,1.2652670989440287
967,9.67967967967968,1.0713764738225549
968,9.68968968968969,0.9532083751245966
969,9.6996996996997,0.9259484552682018
970,9.70970970970971,0.9991401713955851
971,9.71971971971972,0.6826860858629553
972,9.72972972972973,0.8034848449049363
973,9.73973973973974,0.6025847472228811
974,9.74974974974975,0.44866317197565175
975,9.75975975975976,0.5490006359528329
976,9.76976976976977,0.4267422223813089
977,9.77977977977978,0.4045459832271381
978,9.78978978978979,0.4438156232373094
979,9.7997997997998,0.18025261321711816
980,9.80980980980981,0.3571205937065103
981,9.81981981981982,0.24508307688466835
982,9.82982982982983,0.37094494964114666
983,9.83983983983984,0.15636961262007454
984,9.84984984984985,0.03980980128674161
985,9.85985985985986,0.011977499392329838
986,9.86986986986987,-0.03882154744274591
987,9.87987987987988,-0.21475998640142668
988,9.88988988988989,-0.26635275090221955
989,9.8998998998999,-0.2856376790664297
990,9.90990990990991,-0.286532586747009
991,9.91991991991992,-0.3324327503717138
992,9.92992992992993,-0.335938553910093
993,9.93993993993994,-0.3329699151669493
994,9.94994994994995,-0.12194007614737834
995,9.95995995995996,0.1505813869700211
996,9.96996996996997,0.06486835794427115
997,9.97997997997998,0.3910944974419497
998,9.98998998998999,0.6271761608529902
999,10.0,0.9827024681054333
